Country Code,2022,2023
USA,134.2112062,139.7357936
KOR,124.7095918,129.1901759
JPN,107.8396906,111.3640359
CHN,131.9193567,132.2291519
DEU,124.4897444,131.8924482
